cohort_month,window_days,comparison,difference,ci_low,ci_high,n_status,n_reference
2023-01,30,Helpful - NMR,-0.030656934306569295,-0.1976369708439087,0.1520201989169498,35,137
2023-01,30,Not Helpful - NMR,0.06934306569343068,-0.20703961994049208,0.34460393478123874,10,137
2023-02,30,Helpful - NMR,0.2,0.029439058849405758,0.35415938801970953,39,195
2023-02,30,Not Helpful - NMR,-0.05641025641025643,-0.2803640423157264,0.2628845684709513,9,195
2023-03,30,Helpful - NMR,0.08818426155887454,-0.0034617688326880475,0.18385927345486147,119,741
2023-03,30,Not Helpful - NMR,-0.11576758945179999,-0.20160454414441972,-0.004262588055157376,74,741
2023-04,30,Helpful - NMR,0.06392915156816198,-0.01559428697745148,0.14610958248652897,159,1208
2023-04,30,Not Helpful - NMR,-0.08973008227975116,-0.16457666105897092,-0.0034713657488001926,132,1208
2023-05,30,Helpful - NMR,0.008295625942684792,-0.05918849307691597,0.0811914096153515,195,1530
2023-05,30,Not Helpful - NMR,-0.15993866741009197,-0.21128893127102105,-0.09840657263411703,211,1530
2023-06,30,Helpful - NMR,0.04068902888926729,-0.025322460484899542,0.11112095651525533,210,1678
2023-06,30,Not Helpful - NMR,-0.07782948962925124,-0.1379604573649386,-0.008388144034036898,189,1678
2023-07,30,Helpful - NMR,0.07409910188803404,0.024003416000906032,0.1262019877984556,386,2929
2023-07,30,Not Helpful - NMR,-0.11079117546643105,-0.15042752781719548,-0.06619519633915835,408,2929
2023-08,30,Helpful - NMR,0.07413990406184218,0.03869919356756137,0.11100813532002979,743,4875
2023-08,30,Not Helpful - NMR,-0.06279929594215308,-0.09694450526281811,-0.02482453461779125,539,4875
2023-09,30,Helpful - NMR,0.027465639167766787,-0.026755256291669527,0.08506582439091398,308,2538
2023-09,30,Not Helpful - NMR,-0.04188817774702569,-0.10161501004047749,0.025506997341464818,205,2538
2023-10,30,Helpful - NMR,0.0045198869918776086,-0.030235608242738965,0.040632655536128104,787,5223
2023-10,30,Not Helpful - NMR,-0.03185623594679482,-0.0742756077058397,0.013615878265603718,457,5223
2023-11,30,Helpful - NMR,-0.006922758889051028,-0.04250118487775749,0.030436062010994948,712,4620
2023-11,30,Not Helpful - NMR,0.015070346320346317,-0.03401077964571701,0.06756136098255995,352,4620
2023-12,30,Helpful - NMR,-0.01712421757100907,-0.049938099162873444,0.01698037605108755,881,5426
2023-12,30,Not Helpful - NMR,-0.04205621221549888,-0.08690882988336385,0.006312527360183083,401,5426
2024-01,30,Helpful - NMR,-0.01710168071626783,-0.047352879825475216,0.014751979502994055,923,6456
2024-01,30,Not Helpful - NMR,-0.021606320495240194,-0.06179771458061769,0.022010504388425264,469,6456
2024-02,30,Helpful - NMR,0.017551316571928488,-0.01657706403848696,0.05317339718698409,791,5098
2024-02,30,Not Helpful - NMR,-0.02115779995750905,-0.06768580218709566,0.029843196193089602,349,5098
2024-03,30,Helpful - NMR,0.0010742384846484376,-0.028792626791081993,0.03230401248637435,995,5968
2024-03,30,Not Helpful - NMR,-0.12453847420158978,-0.15821552182487938,-0.08570394104314896,456,5968
2024-04,30,Helpful - NMR,0.011571927078885325,-0.017418115861651224,0.04175506782393138,1078,6539
2024-04,30,Not Helpful - NMR,-0.19728376443576573,-0.2223967796470145,-0.16683045073180658,519,6539
2024-05,30,Helpful - NMR,0.004808710718199605,-0.025294819991806522,0.036353146483530066,958,6820
2024-05,30,Not Helpful - NMR,-0.18974240145057458,-0.21436323026694779,-0.1604105959736919,579,6820
2024-06,30,Helpful - NMR,-0.04792580916018441,-0.07669566720977634,-0.01740266916794073,952,7426
2024-06,30,Not Helpful - NMR,-0.19416763922554386,-0.21771721308737388,-0.1668960630557437,711,7426
2024-07,30,Helpful - NMR,0.012326953095566695,-0.014850839512080063,0.04066233091862759,1181,8799
2024-07,30,Not Helpful - NMR,-0.1819729066968397,-0.20303283550336793,-0.15781656381480538,863,8799
2024-08,30,Helpful - NMR,0.0099579709564665,-0.016214238513422127,0.03803029034139717,1009,7228
2024-08,30,Not Helpful - NMR,-0.1651109400940786,-0.18058977702821558,-0.14599048970396697,768,7228
2024-09,30,Helpful - NMR,-0.01893131446126839,-0.05288247531564167,0.018164216904008698,600,4557
2024-09,30,Not Helpful - NMR,-0.20059798112793506,-0.2196587966652022,-0.1761382035979176,504,4557
2024-10,30,Helpful - NMR,-0.0121668445110088,-0.04327575761433593,0.021092951271912304,791,5848
2024-10,30,Not Helpful - NMR,-0.18852791621396936,-0.20989584578599343,-0.16272553619734872,622,5848
2024-11,30,Helpful - NMR,0.051729094289768573,0.01996503535227377,0.08506121638854658,856,6112
2024-11,30,Not Helpful - NMR,-0.17927047601853524,-0.19930567021114232,-0.15529675033162968,696,6112
2024-12,30,Helpful - NMR,0.012688047611175368,-0.01639913484803771,0.043056981691990584,1052,6049
2024-12,30,Not Helpful - NMR,-0.21093804506875302,-0.23117066542866319,-0.18681674893526376,699,6049
2025-01,30,Helpful - NMR,0.0119164621345344,-0.017155795394079854,0.042694494595199,941,7184
2025-01,30,Not Helpful - NMR,-0.18378379718571664,-0.20260447009200747,-0.16145037173854768,786,7184
2025-02,30,Helpful - NMR,0.004948972802118146,-0.027279315323201443,0.03963528812860516,713,5259
2025-02,30,Not Helpful - NMR,-0.184354440007606,-0.20361458791961826,-0.1605134298367109,600,5259
2025-03,30,Helpful - NMR,-0.007970221737928718,-0.04102778800277151,0.028770283283200672,564,4901
2025-03,30,Not Helpful - NMR,-0.1467134572594238,-0.1666495220342834,-0.12249440585377261,633,4901
2025-04,30,Helpful - NMR,0.038031230498467905,-0.0011157015692394648,0.08200017105622023,411,3470
2025-04,30,Not Helpful - NMR,-0.14159793302196166,-0.16060087364041542,-0.11589697514977274,406,3470
2025-05,30,Helpful - NMR,0.014831893429444687,-0.025736001601272845,0.06167542908080722,342,2979
2025-05,30,Not Helpful - NMR,-0.14710158610271903,-0.16643280316252795,-0.1192976918301636,320,2979
2025-06,30,Helpful - NMR,0.015936610419806374,-0.022645318485952116,0.05933800797186619,418,3486
2025-06,30,Not Helpful - NMR,-0.15117171984641864,-0.1717605449056822,-0.123494911646485,390,3486
2025-07,30,Helpful - NMR,0.04334753453305154,0.0021730036973620984,0.08945013547015485,386,3263
2025-07,30,Not Helpful - NMR,-0.14296060673310296,-0.16287722374300564,-0.11694823656008924,435,3263
2025-08,30,Helpful - NMR,0.024966973952499943,-0.015389767104281402,0.06962266752699114,424,3285
2025-08,30,Not Helpful - NMR,-0.13127037320111573,-0.15658039905947718,-0.10030482742721866,466,3285
2025-09,30,Helpful - NMR,0.026205450733752633,-0.014443947345589507,0.07107494268677272,424,3816
2025-09,30,Not Helpful - NMR,-0.16208724858951185,-0.18446373973506902,-0.13310605593182082,421,3816
2025-10,30,Helpful - NMR,0.04582546233350579,0.004004118676929888,0.09133277692435296,434,3830
2025-10,30,Not Helpful - NMR,-0.18102474838767268,-0.2011142808433411,-0.15521123993795446,468,3830
2025-11,30,Helpful - NMR,0.04138293947711483,0.003991464615795803,0.08212133812115911,519,3797
2025-11,30,Not Helpful - NMR,-0.1369918786582318,-0.16145822385275782,-0.10533779310481248,392,3797
2025-12,30,Helpful - NMR,0.03963215598453765,0.002197698088443799,0.08031059338975534,526,3844
2025-12,30,Not Helpful - NMR,-0.13534319959918295,-0.16022050340623262,-0.10407914761659826,432,3844
2026-01,30,Helpful - NMR,0.03739290575706622,0.0008594793006863125,0.07714287575629683,543,4163
2026-01,30,Not Helpful - NMR,-0.14898407896245996,-0.17118342940181347,-0.12045596962757871,444,4163
2026-02,30,Helpful - NMR,0.023490587360377957,-0.012483192250453079,0.06280266497563738,544,4034
2026-02,30,Not Helpful - NMR,-0.1651309870003605,-0.18470696422079583,-0.14033022985778368,513,4034
2026-03,30,Helpful - NMR,0.028401605556156978,-0.008111145679805351,0.06832403586058201,529,4540
2026-03,30,Not Helpful - NMR,-0.15776096533231182,-0.1775770899841918,-0.13323001302942838,575,4540
2026-04,30,Helpful - NMR,0.052633975914588516,0.0085501003005179,0.10170039731978814,356,3454
2026-04,30,Not Helpful - NMR,-0.1421652357769474,-0.16407739716856046,-0.11405593705562783,439,3454
2026-05,30,Helpful - NMR,0.012029921391463472,-0.033387466656422046,0.06485055345008592,281,3236
2026-05,30,Not Helpful - NMR,-0.14663041446852879,-0.16890755612561917,-0.1170323915350683,377,3236
2026-06,30,Helpful - NMR,0.016226793948984963,-0.02687497792641603,0.06710829913515515,285,3093
2026-06,30,Not Helpful - NMR,-0.1341216799755524,-0.1541631450704722,-0.10659595635634389,365,3093
2026-07,30,Helpful - NMR,0.05749893025246042,0.011513093007365867,0.10971307084026717,304,2952
2026-07,30,Not Helpful - NMR,-0.1344010562867777,-0.15494531155911698,-0.107039388779491,391,2952
2026-08,30,Helpful - NMR,0.1242666738760172,0.03523909862290768,0.226840670378192,94,787
2026-08,30,Not Helpful - NMR,-0.12014140031929105,-0.16644161124583193,-0.03870305493810028,78,787
